Epoch,Average Loss,Test Accuracy,F1 Score
1,0.5990911316871643,0.6842105263157895,0.555921052631579
2,0.48542630394299824,0.6842105263157895,0.555921052631579
3,0.41803993185361227,0.6842105263157895,0.555921052631579
4,0.3886584174633026,0.6842105263157895,0.555921052631579
5,0.3767418173948924,0.6842105263157895,0.555921052631579
6,0.33417048494021095,0.7631578947368421,0.7095772217428817
7,0.3236762793858846,0.7894736842105263,0.7652752571082879
8,0.32820048769315086,0.8157894736842105,0.7996306555863342
9,0.2964384444554647,0.8947368421052632,0.8919014708488392
10,0.28783504048983255,0.9736842105263158,0.9739525283797729
11,0.2919591550032298,0.8947368421052632,0.8978696741854637
12,0.2685141851504644,0.9210526315789473,0.9200811709338975
13,0.2783761566877365,0.8947368421052632,0.8919014708488392
14,0.24798491676648457,0.9210526315789473,0.9200811709338975
15,0.23688346246878306,0.9473684210526315,0.9473684210526315
16,0.24725468953450522,0.9210526315789473,0.9200811709338975
17,0.2383276645342509,0.9210526315789473,0.9200811709338975
18,0.2464428726832072,0.8947368421052632,0.8919014708488392
19,0.2360208566983541,0.9736842105263158,0.9739525283797729
20,0.24043197532494862,0.9473684210526315,0.9483400809716599
21,0.2243072275320689,0.7894736842105263,0.7966507177033493
22,0.21820561488469442,0.7631578947368421,0.7706687437409591
23,0.21548728942871093,0.9473684210526315,0.9473684210526315
24,0.2409298680226008,0.9210526315789473,0.9200811709338975
25,0.23526252230008443,0.9736842105263158,0.9739525283797729
26,0.234227907260259,0.9473684210526315,0.9483400809716599
27,0.2585072350502014,0.9210526315789473,0.9218575851393189
28,0.25629883746306104,0.8947368421052632,0.8919014708488392
29,0.2065434193611145,0.8947368421052632,0.8919014708488392
30,0.22488247791926066,0.868421052631579,0.8626110731373889
31,0.19554623206456503,0.868421052631579,0.8668019515564959
32,0.2550569220383962,0.868421052631579,0.8626110731373889
33,0.21820134083429973,0.9210526315789473,0.9175666438824335
34,0.20564246495564778,0.8421052631578947,0.8239564428312159
35,0.20475900411605835,0.868421052631579,0.8626110731373889
36,0.19345573862393697,0.9210526315789473,0.9200811709338975
37,0.22328957358996074,0.8947368421052632,0.8947368421052632
38,0.17979476133982342,0.8947368421052632,0.8947368421052632
39,0.2548759631315867,0.9473684210526315,0.9483400809716599
40,0.29552595456441244,0.8947368421052632,0.8947368421052632
41,0.25206516365210213,0.9210526315789473,0.9200811709338975
42,0.23267157634099325,0.8421052631578947,0.8319548872180451
43,0.20871087471644084,0.8157894736842105,0.7996306555863342
44,0.2037075440088908,0.7894736842105263,0.7652752571082879
45,0.20399699449539185,0.8421052631578947,0.8239564428312159
46,0.20052756627400717,0.868421052631579,0.8626110731373889
47,0.19480441917975744,0.8947368421052632,0.8919014708488392
48,0.19461672027905783,0.9210526315789473,0.9200811709338975
49,0.18064082503318787,0.8947368421052632,0.8919014708488392
50,0.16742897689342498,0.8947368421052632,0.8919014708488392
51,0.16736273328463236,0.8947368421052632,0.8919014708488392
52,0.16961496382951735,0.9210526315789473,0.9200811709338975
53,0.21000097552935282,0.9210526315789473,0.9200811709338975
54,0.1591310844818751,0.9736842105263158,0.9739525283797729
55,0.1731944022576014,0.9736842105263158,0.9739525283797729
56,0.16554650515317917,0.9473684210526315,0.9473684210526315
57,0.15209308723608653,0.9736842105263158,0.9739525283797729
58,0.1602884127696355,0.8947368421052632,0.8978696741854637
59,0.15226262549559275,0.8157894736842105,0.8222599509526504
60,0.16416319410006205,0.8947368421052632,0.8978696741854637
61,0.16056787490844726,0.8947368421052632,0.8966801619433199
62,0.19233872671922048,0.9210526315789473,0.9200811709338975
63,0.16076229055722555,0.9210526315789473,0.9200811709338975
64,0.20742385387420653,0.8947368421052632,0.8919014708488392
65,0.14630105753739675,0.9210526315789473,0.9200811709338975
66,0.15851040184497833,0.9210526315789473,0.9200811709338975
67,0.14522732377052308,0.868421052631579,0.8626110731373889
68,0.14974945028622946,0.9473684210526315,0.9473684210526315
69,0.1525572673479716,0.9736842105263158,0.9739525283797729
70,0.16503730336825054,0.9210526315789473,0.9218575851393189
71,0.15451671481132506,0.9473684210526315,0.9473684210526315
72,0.13911197155714036,0.9736842105263158,0.9739525283797729
73,0.16141784071922302,0.9736842105263158,0.9739525283797729
74,0.14635096549987792,0.9473684210526315,0.9473684210526315
75,0.1762098644177119,0.9473684210526315,0.9473684210526315
76,0.16546944816907247,0.9210526315789473,0.9218575851393189
77,0.13255776991446813,0.7368421052631579,0.7458133971291866
78,0.16713629047075906,0.8947368421052632,0.8919014708488392
79,0.16065610110759734,0.8947368421052632,0.8919014708488392
80,0.13750311811765034,0.868421052631579,0.8626110731373889
81,0.141472536722819,0.868421052631579,0.8626110731373889
82,0.14680009126663207,0.8947368421052632,0.8919014708488392
83,0.12425380359093348,0.9473684210526315,0.9473684210526315
84,0.11422415455182393,0.9473684210526315,0.9473684210526315
85,0.10781958003838857,0.868421052631579,0.8668019515564959
86,0.11829242626825968,0.8947368421052632,0.8947368421052632
87,0.10260377551118532,0.9210526315789473,0.9218575851393189
88,0.1084685989220937,0.9210526315789473,0.9218575851393189
89,0.10092794825633367,0.8947368421052632,0.8947368421052632
90,0.13093016227086385,0.9210526315789473,0.9200811709338975
91,0.13844712336858114,0.868421052631579,0.8697626418988649
92,0.16093270937601725,0.8947368421052632,0.8947368421052632
93,0.11409791171550751,0.8947368421052632,0.8919014708488392
94,0.11949558436870575,0.8947368421052632,0.8919014708488392
95,0.12515313625335694,0.8947368421052632,0.8947368421052632
96,0.11961124519507091,0.868421052631579,0.8668019515564959
97,0.10941650648911794,0.868421052631579,0.8668019515564959
98,0.10740582545598348,0.9210526315789473,0.9200811709338975
99,0.09012443065643311,0.9210526315789473,0.9200811709338975
100,0.09652683049440385,0.9210526315789473,0.9218575851393189
101,0.0920336502790451,0.9473684210526315,0.9473684210526315
102,0.11728889147440592,0.9210526315789473,0.9218575851393189
103,0.10519176145394643,0.8947368421052632,0.8947368421052632
104,0.10921801388263702,0.868421052631579,0.8668019515564959
105,0.1333827833334605,0.9210526315789473,0.9218575851393189
106,0.10511031667391459,0.8947368421052632,0.8947368421052632
107,0.13682275891304016,0.868421052631579,0.8668019515564959
108,0.12650355239709218,0.868421052631579,0.8668019515564959
109,0.13436054488023122,0.8947368421052632,0.8919014708488392
110,0.10449582586685817,0.9210526315789473,0.9200811709338975
111,0.10657660682996115,0.868421052631579,0.8668019515564959
112,0.10344865222771962,0.868421052631579,0.8668019515564959
113,0.09633790343999862,0.9210526315789473,0.9200811709338975
114,0.12585402170817056,0.9210526315789473,0.9200811709338975
115,0.09034008244673411,0.9473684210526315,0.9473684210526315
116,0.09321304112672806,0.8947368421052632,0.8947368421052632
117,0.09592298765977224,0.9210526315789473,0.9218575851393189
118,0.08608969966570536,0.9473684210526315,0.9473684210526315
119,0.10122762302557628,0.9473684210526315,0.9473684210526315
120,0.08435147270560264,0.9473684210526315,0.9473684210526315
121,0.11200491403539975,0.9210526315789473,0.9218575851393189
122,0.08086223671833674,0.8947368421052632,0.8947368421052632
123,0.08804738879203797,0.9210526315789473,0.9200811709338975
124,0.07776028546194236,0.8947368421052632,0.8947368421052632
125,0.0927535754442215,0.8947368421052632,0.8947368421052632
126,0.09448657254378001,0.8947368421052632,0.8947368421052632
127,0.08365979234377544,0.8947368421052632,0.8947368421052632
128,0.08745045920213064,0.9210526315789473,0.9200811709338975
129,0.08167934104800224,0.8947368421052632,0.8947368421052632
130,0.07393090181052685,0.8947368421052632,0.8947368421052632
131,0.07234305664896964,0.8947368421052632,0.8919014708488392
132,0.06808263381322224,0.9210526315789473,0.9200811709338975
133,0.06567116131385167,0.9210526315789473,0.9200811709338975
134,0.07240349784493447,0.9210526315789473,0.9200811709338975
135,0.06712303121884663,0.8947368421052632,0.8919014708488392
136,0.06387125054995219,0.9210526315789473,0.9200811709338975
137,0.07648559282223384,0.9210526315789473,0.9218575851393189
138,0.09314476112524668,0.7894736842105263,0.7933603238866397
139,0.08961508750915527,0.868421052631579,0.8668019515564959
140,0.08392475739121437,0.868421052631579,0.8668019515564959
141,0.08009639223416647,0.8947368421052632,0.8947368421052632
142,0.08105900784333547,0.868421052631579,0.8668019515564959
143,0.09376548479000728,0.868421052631579,0.8626110731373889
144,0.06895770817995071,0.8947368421052632,0.8919014708488392
145,0.09665025554597378,0.868421052631579,0.8668019515564959
146,0.08580466027061144,0.8947368421052632,0.8947368421052632
147,0.06837268670399983,0.868421052631579,0.8668019515564959
148,0.06311475972334545,0.868421052631579,0.8668019515564959
149,0.060308911241590976,0.868421052631579,0.8626110731373889
150,0.07406581352154414,0.868421052631579,0.8626110731373889
151,0.06147498925526937,0.8421052631578947,0.8378522062732588
152,0.07996071606874466,0.868421052631579,0.8668019515564959
153,0.08652806997299195,0.8947368421052632,0.8919014708488392
154,0.056255223900079726,0.8947368421052632,0.8919014708488392
155,0.0641300709048907,0.8947368421052632,0.8919014708488392
156,0.09063324530919394,0.8947368421052632,0.8919014708488392
157,0.059591756959756215,0.8947368421052632,0.8919014708488392
158,0.05483411977688472,0.8947368421052632,0.8947368421052632
159,0.05986146718263626,0.8947368421052632,0.8947368421052632
160,0.05420747260252635,0.868421052631579,0.8668019515564959
161,0.0571163288752238,0.8947368421052632,0.8919014708488392
162,0.05902930607398351,0.868421052631579,0.8668019515564959
163,0.05896284997463226,0.8947368421052632,0.8919014708488392
164,0.07622914214928946,0.8947368421052632,0.8919014708488392
165,0.09224685862660408,0.9210526315789473,0.9218575851393189
166,0.0917334000269572,0.8157894736842105,0.8203842940685045
167,0.06869532177845637,0.868421052631579,0.8668019515564959
168,0.08199922894438108,0.8947368421052632,0.8919014708488392
169,0.08207438190778096,0.8947368421052632,0.8947368421052632
170,0.0667015054821968,0.868421052631579,0.8697626418988649
171,0.07366187284390131,0.868421052631579,0.8668019515564959
172,0.06596545174717904,0.8947368421052632,0.8919014708488392
173,0.13707877397537233,0.8947368421052632,0.8919014708488392
174,0.0707516231139501,0.8947368421052632,0.8919014708488392
175,0.05749143908421198,0.8947368421052632,0.8947368421052632
176,0.07319007555643718,0.8947368421052632,0.8919014708488392
177,0.0633460126320521,0.8421052631578947,0.8378522062732588
178,0.12098237087329229,0.8947368421052632,0.8919014708488392
179,0.09231699387232463,0.8947368421052632,0.8919014708488392
180,0.06492935319741568,0.868421052631579,0.8626110731373889
181,0.08974405229091645,0.8421052631578947,0.8319548872180451
182,0.07511917213598887,0.868421052631579,0.8626110731373889
183,0.05712231966356436,0.8947368421052632,0.8919014708488392
184,0.05776275525490443,0.8947368421052632,0.8919014708488392
185,0.060883118013540904,0.868421052631579,0.8668019515564959
186,0.05682538628578186,0.8947368421052632,0.8919014708488392
187,0.08582579513390859,0.8947368421052632,0.8919014708488392
188,0.06129583790898323,0.9210526315789473,0.9200811709338975
189,0.0648727952192227,0.8947368421052632,0.8947368421052632
190,0.06552769362926483,0.8947368421052632,0.8947368421052632
191,0.08948653886715571,0.8421052631578947,0.8468045112781956
192,0.08995592176914215,0.9210526315789473,0.9218575851393189
193,0.07371846516927083,0.8947368421052632,0.8947368421052632
194,0.08024281233549119,0.8947368421052632,0.8919014708488392
195,0.11444615185260773,0.868421052631579,0.8668019515564959
196,0.0777920381228129,0.868421052631579,0.8668019515564959
197,0.07399422590931257,0.868421052631579,0.8668019515564959
198,0.07651441842317581,0.868421052631579,0.8668019515564959
199,0.06532581090927124,0.868421052631579,0.8668019515564959
200,0.07582507766783238,0.9210526315789473,0.9218575851393189
201,0.05982176075379054,0.9210526315789473,0.9218575851393189
202,0.05238283316294352,0.9473684210526315,0.9473684210526315
203,0.048566350787878035,0.9210526315789473,0.9218575851393189
204,0.04466672077775002,0.9210526315789473,0.9218575851393189
205,0.05357820178071658,0.9473684210526315,0.9473684210526315
206,0.044434738010168076,0.9210526315789473,0.9200811709338975
207,0.045812442352374395,0.8947368421052632,0.8947368421052632
208,0.0450988706946373,0.8947368421052632,0.8947368421052632
209,0.047732231616973875,0.8947368421052632,0.8947368421052632
210,0.04026712616284688,0.9210526315789473,0.9218575851393189
211,0.05411168932914734,0.8947368421052632,0.8947368421052632
212,0.046724576701720553,0.8947368421052632,0.8947368421052632
213,0.039110898474852246,0.8947368421052632,0.8947368421052632
214,0.03808985997612278,0.9210526315789473,0.9218575851393189
215,0.040921931217114134,0.9210526315789473,0.9218575851393189
216,0.03822070727745692,0.8947368421052632,0.8947368421052632
217,0.04144350851575534,0.8947368421052632,0.8947368421052632
218,0.03230629046758016,0.9210526315789473,0.9218575851393189
219,0.034016187240680056,0.868421052631579,0.8697626418988649
220,0.03702039261658986,0.9210526315789473,0.9200811709338975
221,0.05229630172252655,0.9210526315789473,0.9200811709338975
222,0.042766463309526444,0.9473684210526315,0.9473684210526315
223,0.07991796215375264,0.8947368421052632,0.8947368421052632
224,0.1678431479136149,0.868421052631579,0.8668019515564959
225,0.07786349435647329,0.7368421052631579,0.6885964912280702
226,0.24936699757973352,0.8157894736842105,0.7887915201763132
227,0.17812298774719237,0.8947368421052632,0.8919014708488392
228,0.20039145797491073,0.8157894736842105,0.7996306555863342
229,0.14494974782069525,0.8947368421052632,0.8919014708488392
230,0.14291715284188589,0.9210526315789473,0.9200811709338975
231,0.09991618856787682,0.8947368421052632,0.8947368421052632
232,0.1556101797024409,0.868421052631579,0.8668019515564959
233,0.09390076607465744,0.9210526315789473,0.9200811709338975
234,0.10176014284292857,0.9210526315789473,0.9200811709338975
235,0.0908498591184616,0.9210526315789473,0.9200811709338975
236,0.08778033537169297,0.868421052631579,0.8668019515564959
237,0.07442275181412697,0.868421052631579,0.8697626418988649
238,0.08183812444408735,0.868421052631579,0.8668019515564959
239,0.07502911686897278,0.8947368421052632,0.8919014708488392
240,0.08926696419715881,0.868421052631579,0.8668019515564959
241,0.06967608789602915,0.868421052631579,0.8668019515564959
242,0.07830495655536651,0.9473684210526315,0.9483400809716599
243,0.07617186148961386,0.9210526315789473,0.9218575851393189
244,0.056913051505883536,0.9473684210526315,0.9483400809716599
245,0.06679231137037277,0.9473684210526315,0.9483400809716599
246,0.07327991177638372,0.9473684210526315,0.9483400809716599
247,0.05602617889642716,0.9210526315789473,0.9200811709338975
248,0.05156964138150215,0.9210526315789473,0.9200811709338975
249,0.04777025168140729,0.9210526315789473,0.9218575851393189
250,0.042667177021503445,0.9210526315789473,0.9218575851393189
251,0.04472137639919917,0.9210526315789473,0.9218575851393189
252,0.04935906916856766,0.9210526315789473,0.9218575851393189
253,0.04845534545679887,0.9210526315789473,0.9200811709338975
254,0.05717117761572202,0.9210526315789473,0.9200811709338975
255,0.04563168212771416,0.9210526315789473,0.9200811709338975
256,0.1008493693669637,0.9210526315789473,0.9218575851393189
257,0.04382212256391843,0.9210526315789473,0.9218575851393189
258,0.05984415302673975,0.868421052631579,0.8697626418988649
259,0.07606394921739897,0.868421052631579,0.8697626418988649
260,0.06301075177888076,0.8947368421052632,0.8919014708488392
261,0.03995465412735939,0.8947368421052632,0.8919014708488392
262,0.048852701187133786,0.9210526315789473,0.9200811709338975
263,0.04678013801574707,0.8947368421052632,0.8919014708488392
264,0.04075542991360029,0.8947368421052632,0.8947368421052632
265,0.05108586092789968,0.868421052631579,0.8668019515564959
266,0.04793398439884186,0.868421052631579,0.8668019515564959
267,0.03932279112438361,0.8947368421052632,0.8947368421052632
268,0.039859322955211,0.8947368421052632,0.8947368421052632
269,0.04069031961262226,0.9210526315789473,0.9218575851393189
270,0.035864764849344886,0.9210526315789473,0.9200811709338975
271,0.036461854030688606,0.9210526315789473,0.9200811709338975
272,0.030846414466698963,0.8947368421052632,0.8947368421052632
273,0.03604270766178767,0.8947368421052632,0.8947368421052632
274,0.047488479415575664,0.9210526315789473,0.9200811709338975
275,0.02834938610593478,0.9473684210526315,0.9473684210526315
276,0.03142058153947194,0.9473684210526315,0.9473684210526315
277,0.03657783222695192,0.9210526315789473,0.9200811709338975
278,0.029082561333974202,0.9210526315789473,0.9200811709338975
279,0.03785848021507263,0.9210526315789473,0.9200811709338975
280,0.037111613899469376,0.868421052631579,0.8668019515564959
281,0.041709045295914016,0.868421052631579,0.8668019515564959
282,0.029942067513863246,0.868421052631579,0.8668019515564959
283,0.03364876210689545,0.8947368421052632,0.8947368421052632
284,0.027200648585955303,0.9210526315789473,0.9200811709338975
285,0.02694544258217017,0.9210526315789473,0.9200811709338975
286,0.038196379443009694,0.9210526315789473,0.9200811709338975
287,0.033549701298276585,0.9210526315789473,0.9200811709338975
288,0.0442143773039182,0.8947368421052632,0.8919014708488392
289,0.027542744725942613,0.868421052631579,0.8668019515564959
290,0.056408184207975866,0.868421052631579,0.8668019515564959
291,0.047378481974204384,0.868421052631579,0.8668019515564959
292,0.03864701266090075,0.868421052631579,0.8668019515564959
293,0.033662340380251406,0.868421052631579,0.8668019515564959
294,0.040105213075876237,0.868421052631579,0.8668019515564959
295,0.041511413504679996,0.868421052631579,0.8668019515564959
296,0.03957640898724397,0.8947368421052632,0.8947368421052632
297,0.033482961108287176,0.8947368421052632,0.8947368421052632
298,0.025066772152980168,0.9210526315789473,0.9200811709338975
299,0.03476843913396199,0.9210526315789473,0.9200811709338975
300,0.030513191769520442,0.9210526315789473,0.9200811709338975
301,0.023538160274426144,0.8947368421052632,0.8947368421052632
302,0.022196592365701994,0.8947368421052632,0.8947368421052632
303,0.031030790507793428,0.8947368421052632,0.8947368421052632
304,0.023697389687101045,0.8947368421052632,0.8919014708488392
305,0.03561858380834262,0.8947368421052632,0.8919014708488392
306,0.02842455471555392,0.868421052631579,0.8668019515564959
307,0.02702759027481079,0.9210526315789473,0.9218575851393189
308,0.03566715579479933,0.8947368421052632,0.8947368421052632
309,0.022653868471582732,0.8947368421052632,0.8947368421052632
310,0.027808777665098507,0.8947368421052632,0.8919014708488392
311,0.02804251513754328,0.8947368421052632,0.8919014708488392
312,0.025783312941590943,0.8947368421052632,0.8919014708488392
313,0.02419278601805369,0.8947368421052632,0.8919014708488392
314,0.018640803309778374,0.8947368421052632,0.8947368421052632
315,0.02068602537115415,0.8947368421052632,0.8947368421052632
316,0.024456254243850707,0.8947368421052632,0.8947368421052632
317,0.038970300753911336,0.8947368421052632,0.8947368421052632
318,0.025581522012750307,0.9210526315789473,0.9200811709338975
319,0.06508325785398483,0.8947368421052632,0.8919014708488392
320,0.033677416741847994,0.8947368421052632,0.8919014708488392
321,0.03613968739906947,0.8947368421052632,0.8919014708488392
322,0.027594062859813372,0.868421052631579,0.8668019515564959
323,0.027949591626723606,0.9210526315789473,0.9218575851393189
324,0.030600840896368026,0.9210526315789473,0.9218575851393189
325,0.025767332389950753,0.9210526315789473,0.9218575851393189
326,0.02857687622308731,0.9210526315789473,0.9218575851393189
327,0.026400274559855462,0.8947368421052632,0.8947368421052632
328,0.054526836077372236,0.9210526315789473,0.9218575851393189
329,0.035315029323101044,0.868421052631579,0.8697626418988649
330,0.05845728481809298,0.868421052631579,0.8668019515564959
331,0.055784835542241736,0.868421052631579,0.8668019515564959
332,0.053113024309277536,0.868421052631579,0.8668019515564959
333,0.043648002023498216,0.8947368421052632,0.8947368421052632
334,0.0406251476953427,0.8947368421052632,0.8947368421052632
335,0.03199033076564471,0.8947368421052632,0.8947368421052632
336,0.025917427986860274,0.8947368421052632,0.8947368421052632
337,0.025110171536604563,0.8947368421052632,0.8947368421052632
338,0.022726761947075527,0.9210526315789473,0.9218575851393189
339,0.030840357740720113,0.9473684210526315,0.9473684210526315
340,0.02724459484219551,0.9210526315789473,0.9200811709338975
341,0.042761302689711254,0.9210526315789473,0.9200811709338975
342,0.0272646597524484,0.9210526315789473,0.9200811709338975
343,0.04165927186608315,0.8947368421052632,0.8947368421052632
344,0.017779371043046315,0.9210526315789473,0.9200811709338975
345,0.021445718600104254,0.9210526315789473,0.9200811709338975
346,0.021554978887240093,0.9210526315789473,0.9200811709338975
347,0.02279980277021726,0.8947368421052632,0.8947368421052632
348,0.024429690465331076,0.8947368421052632,0.8947368421052632
349,0.025822848652799924,0.8947368421052632,0.8947368421052632
350,0.0200468756010135,0.8947368421052632,0.8947368421052632
351,0.017510839067399503,0.9210526315789473,0.9200811709338975
352,0.01793832689523697,0.9210526315789473,0.9200811709338975
353,0.015847258505721887,0.8947368421052632,0.8947368421052632
354,0.01960794851183891,0.8947368421052632,0.8947368421052632
355,0.015998485675081612,0.9210526315789473,0.9200811709338975
356,0.018265213817358017,0.9210526315789473,0.9200811709338975
357,0.015563183724880218,0.9210526315789473,0.9200811709338975
358,0.01314453554029266,0.9210526315789473,0.9200811709338975
359,0.017314992199341458,0.9210526315789473,0.9200811709338975
360,0.018976630369822185,0.9473684210526315,0.9473684210526315
361,0.018492278506358463,0.9473684210526315,0.9473684210526315
362,0.04038710594177246,0.9210526315789473,0.9200811709338975
363,0.017066505501667658,0.8947368421052632,0.8919014708488392
364,0.04766832788785299,0.868421052631579,0.8668019515564959
365,0.05773603270451228,0.8947368421052632,0.8947368421052632
366,0.03671969955166181,0.868421052631579,0.8668019515564959
367,0.06893078843752543,0.8947368421052632,0.8947368421052632
368,0.020696165685852367,0.8421052631578947,0.8468045112781956
369,0.05670917088786761,0.8947368421052632,0.8966801619433199
370,0.042999209562937415,0.9473684210526315,0.9473684210526315
371,0.023670501311620077,0.9473684210526315,0.9473684210526315
372,0.0443938946723938,0.9473684210526315,0.9473684210526315
373,0.05030379821856817,0.8947368421052632,0.8919014708488392
374,0.1242877205212911,0.8947368421052632,0.8919014708488392
375,0.05561164895693461,0.9210526315789473,0.9200811709338975
376,0.050034190366665524,0.9210526315789473,0.9200811709338975
377,0.10542411764462789,0.9210526315789473,0.9200811709338975
378,0.05302300055821737,0.8947368421052632,0.8947368421052632
379,0.07540059958895047,0.8947368421052632,0.8947368421052632
380,0.0496628749370575,0.8947368421052632,0.8947368421052632
381,0.0480912376443545,0.8947368421052632,0.8919014708488392
382,0.03700564006964366,0.8947368421052632,0.8919014708488392
383,0.058084071675936384,0.8947368421052632,0.8919014708488392
384,0.055920581420262655,0.8947368421052632,0.8947368421052632
385,0.06439079324404398,0.8421052631578947,0.8319548872180451
386,0.029472766319910686,0.8947368421052632,0.8919014708488392
387,0.027647151251633962,0.9210526315789473,0.9200811709338975
388,0.03185026898980141,0.8947368421052632,0.8947368421052632
389,0.0409528374671936,0.9473684210526315,0.9473684210526315
390,0.07466958959897359,0.868421052631579,0.8626110731373889
391,0.07975375135739644,0.9210526315789473,0.9218575851393189
392,0.044591228365898135,0.9210526315789473,0.9218575851393189
393,0.05921496719121933,0.9210526315789473,0.9218575851393189
394,0.044360377192497254,0.9210526315789473,0.9218575851393189
395,0.0415028063642482,0.9210526315789473,0.9218575851393189
396,0.059452829162279765,0.9210526315789473,0.9218575851393189
397,0.0781956817706426,0.8947368421052632,0.8947368421052632
398,0.04868087649345398,0.8947368421052632,0.8947368421052632
399,0.044634113709131874,0.868421052631579,0.8697626418988649
400,0.05481250474850337,0.8947368421052632,0.8947368421052632
401,0.030850960810979208,0.8947368421052632,0.8947368421052632
402,0.032863492468992866,0.8947368421052632,0.8947368421052632
403,0.026632174079616863,0.9210526315789473,0.9218575851393189
404,0.01802112323542436,0.9473684210526315,0.9473684210526315
405,0.04362309952576955,0.9210526315789473,0.9200811709338975
406,0.03175837814807892,0.8947368421052632,0.8919014708488392
407,0.04175616572300593,0.8947368421052632,0.8919014708488392
408,0.03841899036119382,0.868421052631579,0.8668019515564959
409,0.07014140591025353,0.8947368421052632,0.8947368421052632
410,0.03557972793777784,0.868421052631579,0.8697626418988649
411,0.025375838801264764,0.868421052631579,0.8697626418988649
412,0.03410824154814084,0.9210526315789473,0.9200811709338975
413,0.03964553445577621,0.9473684210526315,0.9473684210526315
414,0.026190019498268765,0.9210526315789473,0.9200811709338975
415,0.032127659718195596,0.9473684210526315,0.9473684210526315
416,0.02746614764134089,0.9473684210526315,0.9473684210526315
417,0.03768635128935178,0.9473684210526315,0.9473684210526315
418,0.0319490917523702,0.868421052631579,0.8668019515564959
419,0.018116271769007045,0.868421052631579,0.8668019515564959
420,0.02753119240204493,0.868421052631579,0.8668019515564959
421,0.0191416572034359,0.8947368421052632,0.8919014708488392
422,0.0353503089149793,0.8947368421052632,0.8919014708488392
423,0.026232450890044372,0.8947368421052632,0.8919014708488392
424,0.01468556775401036,0.9473684210526315,0.9473684210526315
425,0.01190817341208458,0.9473684210526315,0.9473684210526315
426,0.02668048361937205,0.9210526315789473,0.9200811709338975
427,0.01796010399858157,0.9210526315789473,0.9200811709338975
428,0.025051408410072327,0.9210526315789473,0.9200811709338975
429,0.027603826920191445,0.9473684210526315,0.9473684210526315
430,0.02951547106107076,0.9473684210526315,0.9473684210526315
431,0.04017021894454956,0.9473684210526315,0.9473684210526315
432,0.01814702241991957,0.9210526315789473,0.9218575851393189
433,0.04585731305802862,0.8947368421052632,0.8947368421052632
434,0.030671993158757686,0.868421052631579,0.8668019515564959
435,0.017997045119603476,0.8947368421052632,0.8947368421052632
436,0.018276800053815045,0.9210526315789473,0.9200811709338975
437,0.016417939737439154,0.9210526315789473,0.9200811709338975
438,0.015261118598282337,0.9210526315789473,0.9200811709338975
439,0.01785149745643139,0.9210526315789473,0.9200811709338975
440,0.013753856867551803,0.9210526315789473,0.9200811709338975
441,0.01414099329461654,0.9210526315789473,0.9200811709338975
442,0.013665477434794107,0.9210526315789473,0.9200811709338975
443,0.01322606818129619,0.9210526315789473,0.9200811709338975
444,0.011965600351492564,0.9210526315789473,0.9200811709338975
445,0.01268869877482454,0.9210526315789473,0.9200811709338975
446,0.011527524925768376,0.9210526315789473,0.9200811709338975
447,0.010727915813525517,0.9210526315789473,0.9200811709338975
448,0.009671640060842037,0.9210526315789473,0.9200811709338975
449,0.01048835194359223,0.9473684210526315,0.9473684210526315
450,0.009071605776747068,0.9473684210526315,0.9473684210526315
451,0.016258450498183568,0.9473684210526315,0.9473684210526315
452,0.011891997382044793,0.9210526315789473,0.9200811709338975
453,0.011655343472957611,0.9210526315789473,0.9200811709338975
454,0.008381262502322594,0.9210526315789473,0.9200811709338975
455,0.013022044152021408,0.9210526315789473,0.9200811709338975
456,0.013210099587837854,0.9210526315789473,0.9200811709338975
457,0.009918967013557751,0.9210526315789473,0.9200811709338975
458,0.011472534115115802,0.9210526315789473,0.9200811709338975
459,0.010046475480000178,0.9210526315789473,0.9200811709338975
460,0.009683863595128059,0.9210526315789473,0.9200811709338975
461,0.008310923346628746,0.8947368421052632,0.8947368421052632
462,0.013116686592499415,0.8947368421052632,0.8947368421052632
463,0.009249176594118277,0.9210526315789473,0.9218575851393189
464,0.009062846004962922,0.9210526315789473,0.9218575851393189
465,0.008329050615429878,0.9473684210526315,0.9473684210526315
466,0.014312360882759095,0.9210526315789473,0.9200811709338975
467,0.00812239848698179,0.9210526315789473,0.9200811709338975
468,0.007629672437906266,0.9210526315789473,0.9200811709338975
469,0.009259229923288027,0.9210526315789473,0.9200811709338975
470,0.007005946182956298,0.9210526315789473,0.9200811709338975
471,0.010042529869824648,0.9210526315789473,0.9200811709338975
472,0.012796223163604736,0.8947368421052632,0.8919014708488392
473,0.008201836136480173,0.8947368421052632,0.8947368421052632
474,0.007912165522575378,0.8947368421052632,0.8947368421052632
475,0.010405465867370367,0.8947368421052632,0.8947368421052632
476,0.0067394888959825035,0.8947368421052632,0.8919014708488392
477,0.010206665992736817,0.8947368421052632,0.8919014708488392
478,0.01114049474398295,0.8947368421052632,0.8919014708488392
479,0.012829024543364842,0.8947368421052632,0.8919014708488392
480,0.014591458191474279,0.8947368421052632,0.8919014708488392
481,0.01353865183889866,0.8947368421052632,0.8919014708488392
482,0.022438158079360924,0.8947368421052632,0.8919014708488392
483,0.0129492338343213,0.9210526315789473,0.9200811709338975
484,0.020730096797148385,0.9210526315789473,0.9200811709338975
485,0.010297204752763113,0.8947368421052632,0.8919014708488392
486,0.0074403874327739076,0.8947368421052632,0.8919014708488392
487,0.03366746683915456,0.8947368421052632,0.8919014708488392
488,0.07492264201243719,0.9473684210526315,0.9473684210526315
489,0.02685317744811376,0.9210526315789473,0.9218575851393189
490,0.029548315207163493,0.9210526315789473,0.9218575851393189
491,0.029071252743403116,0.9210526315789473,0.9200811709338975
492,0.021918681599199772,0.8947368421052632,0.8919014708488392
493,0.03699701892212033,0.868421052631579,0.8668019515564959
494,0.035478167881568275,0.868421052631579,0.8668019515564959
495,0.02673984338839849,0.868421052631579,0.8668019515564959
496,0.013066723595062892,0.868421052631579,0.8668019515564959
497,0.03415528158346812,0.868421052631579,0.8668019515564959
498,0.0215977410475413,0.868421052631579,0.8668019515564959
499,0.021116719444592792,0.868421052631579,0.8668019515564959
500,0.016793607845902444,0.8947368421052632,0.8919014708488392
501,0.022779455383618672,0.868421052631579,0.8668019515564959
502,0.039433713952700296,0.868421052631579,0.8668019515564959
503,0.02147742420434952,0.8421052631578947,0.8450202429149797
504,0.05335318545500437,0.8947368421052632,0.8947368421052632
505,0.0387395245830218,0.9210526315789473,0.9218575851393189
506,0.10084633648395538,0.868421052631579,0.8697626418988649
507,0.07339223802089691,0.868421052631579,0.8626110731373889
508,0.07894550085067749,0.8947368421052632,0.8919014708488392
509,0.030153919061024985,0.8947368421052632,0.8919014708488392
510,0.11961554991702239,0.868421052631579,0.8668019515564959
511,0.016378696747124194,0.8947368421052632,0.8947368421052632
512,0.026779471213618913,0.8947368421052632,0.8947368421052632
513,0.024774774086351196,0.868421052631579,0.8668019515564959
514,0.03451432257890701,0.868421052631579,0.8668019515564959
515,0.027149061461289724,0.868421052631579,0.8668019515564959
516,0.03564065313587586,0.868421052631579,0.8668019515564959
517,0.035797232290109,0.8947368421052632,0.8947368421052632
518,0.04650997946659724,0.9210526315789473,0.9218575851393189
519,0.03725850269198418,0.9473684210526315,0.9473684210526315
520,0.059437292218208315,0.9473684210526315,0.9473684210526315
521,0.02745272383093834,0.8947368421052632,0.8919014708488392
522,0.041868544292325775,0.8947368421052632,0.8919014708488392
523,0.021306639562050502,0.868421052631579,0.8626110731373889
524,0.02216050664583842,0.868421052631579,0.8626110731373889
525,0.02162667370090882,0.868421052631579,0.8668019515564959
526,0.01544677622616291,0.9210526315789473,0.9218575851393189
527,0.016147200061629216,0.8947368421052632,0.8947368421052632
528,0.018190983856717746,0.9210526315789473,0.9218575851393189
529,0.028746402797599633,0.9210526315789473,0.9218575851393189
530,0.042869928479194644,0.9210526315789473,0.9218575851393189
531,0.016773824393749238,0.9210526315789473,0.9200811709338975
532,0.03886907637119293,0.868421052631579,0.8626110731373889
533,0.08534179265300433,0.9210526315789473,0.9200811709338975
534,0.08510536519189675,0.9210526315789473,0.9218575851393189
535,0.07164883981148402,0.9210526315789473,0.9218575851393189
536,0.0580567954480648,0.9210526315789473,0.9200811709338975
537,0.026201010644435883,0.9210526315789473,0.9200811709338975
538,0.048176192988952,0.9210526315789473,0.9200811709338975
539,0.01860570172468821,0.9210526315789473,0.9218575851393189
540,0.028045600097005567,0.9210526315789473,0.9218575851393189
541,0.027487583061059317,0.9210526315789473,0.9218575851393189
542,0.01950517326593399,0.9473684210526315,0.9473684210526315
543,0.0259643442183733,0.9210526315789473,0.9200811709338975
544,0.03292151590188344,0.9210526315789473,0.9200811709338975
545,0.019346344222625097,0.9210526315789473,0.9218575851393189
546,0.028655121227105458,0.9210526315789473,0.9218575851393189
547,0.029730680684248608,0.9473684210526315,0.9473684210526315
548,0.016273026391863822,0.9210526315789473,0.9200811709338975
549,0.01719660550355911,0.9210526315789473,0.9200811709338975
550,0.013668100063999494,0.9210526315789473,0.9200811709338975
551,0.01641690621773402,0.9210526315789473,0.9200811709338975
552,0.013594080259402593,0.9210526315789473,0.9200811709338975
553,0.009123731888830661,0.9210526315789473,0.9200811709338975
554,0.022605193555355074,0.9210526315789473,0.9200811709338975
555,0.013183023780584335,0.9210526315789473,0.9200811709338975
556,0.009066392861617109,0.9210526315789473,0.9200811709338975
557,0.009432370364665986,0.9210526315789473,0.9200811709338975
558,0.011537935510277748,0.9210526315789473,0.9200811709338975
559,0.011005452796816827,0.9210526315789473,0.9200811709338975
560,0.010681349801210065,0.9210526315789473,0.9200811709338975
561,0.008584556852777798,0.9210526315789473,0.9200811709338975
562,0.012780429882307848,0.9210526315789473,0.9200811709338975
563,0.007084291229645412,0.9210526315789473,0.9200811709338975
564,0.008931175358593463,0.9210526315789473,0.9200811709338975
565,0.007015211085478465,0.9210526315789473,0.9200811709338975
566,0.006698562627037366,0.9210526315789473,0.9200811709338975
567,0.007767605955402056,0.9210526315789473,0.9200811709338975
568,0.007393794323628147,0.9210526315789473,0.9200811709338975
569,0.008304181067893903,0.9210526315789473,0.9200811709338975
570,0.014360813945531846,0.9210526315789473,0.9200811709338975
571,0.009231260272984704,0.9473684210526315,0.9473684210526315
572,0.012953741947809854,0.9210526315789473,0.9200811709338975
573,0.010029522143304348,0.9210526315789473,0.9200811709338975
574,0.005825889110565185,0.9210526315789473,0.9200811709338975
575,0.007257503271102905,0.9210526315789473,0.9200811709338975
576,0.005867106135313709,0.9210526315789473,0.9200811709338975
577,0.00474037643832465,0.9210526315789473,0.9200811709338975
578,0.008342491469035545,0.9210526315789473,0.9200811709338975
579,0.006462523490190506,0.9210526315789473,0.9200811709338975
580,0.013458239436149598,0.9210526315789473,0.9200811709338975
581,0.00733687330968678,0.8947368421052632,0.8919014708488392
582,0.008586946002518137,0.8947368421052632,0.8919014708488392
583,0.008324756684402624,0.8947368421052632,0.8919014708488392
584,0.009805931349595388,0.8947368421052632,0.8919014708488392
585,0.008342046638329824,0.868421052631579,0.8668019515564959
586,0.011326662202676138,0.868421052631579,0.8668019515564959
587,0.010215895473957062,0.8947368421052632,0.8919014708488392
588,0.009381799114247164,0.8947368421052632,0.8919014708488392
589,0.009484164367119472,0.8947368421052632,0.8919014708488392
590,0.009560853031774362,0.8947368421052632,0.8919014708488392
591,0.006041052931298812,0.8947368421052632,0.8919014708488392
592,0.0052371587324887515,0.9210526315789473,0.9200811709338975
593,0.005233128437151511,0.9210526315789473,0.9200811709338975
594,0.0067046881963809335,0.9210526315789473,0.9200811709338975
595,0.004744541216641664,0.9210526315789473,0.9200811709338975
596,0.0048533472077300155,0.9210526315789473,0.9200811709338975
597,0.005888301419715087,0.9210526315789473,0.9200811709338975
598,0.006001402375598749,0.9210526315789473,0.9200811709338975
599,0.006252533992131551,0.9210526315789473,0.9200811709338975
600,0.004335214946962272,0.9473684210526315,0.9473684210526315
601,0.0054772588843479755,0.9473684210526315,0.9473684210526315
602,0.004447887043158213,0.9210526315789473,0.9200811709338975
603,0.0045400468508402505,0.9473684210526315,0.9473684210526315
604,0.006087843254208565,0.9473684210526315,0.9473684210526315
605,0.005563506732384363,0.9473684210526315,0.9473684210526315
606,0.004689736193977296,0.9473684210526315,0.9473684210526315
607,0.0070214389264583585,0.9210526315789473,0.9200811709338975
608,0.007246915958821773,0.9210526315789473,0.9200811709338975
609,0.00501883448412021,0.8947368421052632,0.8919014708488392
610,0.005448672734200954,0.8947368421052632,0.8919014708488392
611,0.007532561346888542,0.9210526315789473,0.9200811709338975
612,0.007855893202746907,0.9210526315789473,0.9200811709338975
613,0.006649723146110773,0.9210526315789473,0.9200811709338975
614,0.004926125723868608,0.9473684210526315,0.9473684210526315
615,0.006152380521719654,0.9473684210526315,0.9473684210526315
616,0.004918336396416028,0.9473684210526315,0.9473684210526315
617,0.006818075111756722,0.9210526315789473,0.9200811709338975
618,0.005420454517006874,0.9210526315789473,0.9200811709338975
619,0.003612715556907157,0.9210526315789473,0.9200811709338975
620,0.004278303366154432,0.8947368421052632,0.8919014708488392
621,0.008586405801276367,0.9210526315789473,0.9200811709338975
622,0.012122070242961247,0.9210526315789473,0.9200811709338975
623,0.008247779806454976,0.9473684210526315,0.9473684210526315
624,0.008390807695686817,0.9473684210526315,0.9473684210526315
625,0.025575671767195066,0.9473684210526315,0.9473684210526315
626,0.008807038615147273,0.9473684210526315,0.9473684210526315
627,0.008398247491568327,0.9473684210526315,0.9473684210526315
628,0.00816221750030915,0.9210526315789473,0.9200811709338975
629,0.00811415549988548,0.9210526315789473,0.9200811709338975
630,0.004660481220732132,0.9210526315789473,0.9200811709338975
631,0.00557876410583655,0.9210526315789473,0.9200811709338975
632,0.009725708315769832,0.8947368421052632,0.8919014708488392
633,0.004252237677574158,0.8421052631578947,0.8450202429149797
634,0.007544480112070839,0.5789473684210527,0.5859649122807017
635,0.011746526782711347,0.7894736842105263,0.7957393483709274
636,0.029482084612051648,0.8947368421052632,0.8919014708488392
637,0.007669797018170357,0.9210526315789473,0.9200811709338975
638,0.006986438184976578,0.8947368421052632,0.8919014708488392
639,0.010336158978752792,0.8947368421052632,0.8919014708488392
640,0.018081769527246553,0.9210526315789473,0.9200811709338975
641,0.008801108878105878,0.9473684210526315,0.9473684210526315
642,0.007167090525229772,0.9473684210526315,0.9473684210526315
643,0.008509577810764312,0.9473684210526315,0.9473684210526315
644,0.004616402486960093,0.9473684210526315,0.9473684210526315
645,0.0066430400808652245,0.9210526315789473,0.9200811709338975
646,0.006171666271984577,0.8947368421052632,0.8919014708488392
647,0.00693106930082043,0.8947368421052632,0.8919014708488392
648,0.005547203340878089,0.8947368421052632,0.8919014708488392
649,0.00651154831983149,0.8947368421052632,0.8919014708488392
650,0.00568509495506684,0.8947368421052632,0.8919014708488392
651,0.005297871039559443,0.8947368421052632,0.8919014708488392
652,0.004233078137040138,0.8947368421052632,0.8919014708488392
653,0.0038113921508193017,0.9210526315789473,0.9200811709338975
654,0.0037136237726857267,0.9210526315789473,0.9200811709338975
655,0.005691557343428333,0.9210526315789473,0.9200811709338975
656,0.00444476076712211,0.9210526315789473,0.9200811709338975
657,0.0042535889397064845,0.9210526315789473,0.9200811709338975
658,0.00606268326441447,0.9210526315789473,0.9200811709338975
659,0.011493614216645558,0.8947368421052632,0.8919014708488392
660,0.0073708377530177435,0.9210526315789473,0.9200811709338975
661,0.005966241794327895,0.9210526315789473,0.9200811709338975
662,0.0055291636940091845,0.9210526315789473,0.9200811709338975
663,0.011832510959357024,0.9210526315789473,0.9200811709338975
664,0.005222759610041976,0.9473684210526315,0.9473684210526315
665,0.0061585297932227456,0.9473684210526315,0.9473684210526315
666,0.004673297293484211,0.9473684210526315,0.9473684210526315
667,0.004422635200122992,0.9473684210526315,0.9473684210526315
668,0.005916017865141233,0.9210526315789473,0.9200811709338975
669,0.003359034426199893,0.9210526315789473,0.9200811709338975
670,0.005158069053043922,0.9210526315789473,0.9200811709338975
671,0.008574180534730354,0.9210526315789473,0.9200811709338975
672,0.011521491060654322,0.9210526315789473,0.9200811709338975
673,0.0038110345012197892,0.9210526315789473,0.9200811709338975
674,0.01103016550342242,0.9210526315789473,0.9218575851393189
675,0.004190305769443512,0.9210526315789473,0.9218575851393189
676,0.004681917005218566,0.9473684210526315,0.9473684210526315
677,0.00742961789170901,0.9473684210526315,0.9473684210526315
678,0.004169266866520047,0.9473684210526315,0.9473684210526315
679,0.008712554176648457,0.9210526315789473,0.9200811709338975
680,0.006875341484944026,0.9210526315789473,0.9200811709338975
681,0.0037817847604552906,0.9210526315789473,0.9200811709338975
682,0.003483572866146763,0.9210526315789473,0.9200811709338975
683,0.006388399085650842,0.9210526315789473,0.9200811709338975
684,0.045430226425329845,0.9210526315789473,0.9218575851393189
685,0.01069663554430008,0.8947368421052632,0.8947368421052632
686,0.14982267561058205,0.8947368421052632,0.8919014708488392
687,0.16040296196937562,0.9210526315789473,0.9200811709338975
688,0.06387069304784139,0.8947368421052632,0.8947368421052632
689,0.028991217166185378,0.868421052631579,0.8697626418988649
690,0.03936736683050791,0.8947368421052632,0.8919014708488392
691,0.06031157036622365,0.9210526315789473,0.9200811709338975
692,0.028454330340027808,0.9473684210526315,0.9473684210526315
693,0.011148618720471858,0.7105263157894737,0.7206942086398793
694,0.030705514550209045,0.7631578947368421,0.7709773332818473
695,0.0373699751496315,0.8947368421052632,0.8947368421052632
696,0.027648838808139165,0.9210526315789473,0.9218575851393189
697,0.015163434905310472,0.8947368421052632,0.8966801619433199
698,0.024234688331683477,0.5263157894736842,0.5157894736842106
699,0.08245284229516983,0.8947368421052632,0.8947368421052632
700,0.03530110980073611,0.8947368421052632,0.8947368421052632
701,0.0359508099903663,0.8947368421052632,0.8947368421052632
702,0.031228955537080764,0.8947368421052632,0.8947368421052632
703,0.017580661013101538,0.8947368421052632,0.8947368421052632
704,0.01983288551370303,0.9210526315789473,0.9200811709338975
705,0.026665690044562023,0.9210526315789473,0.9200811709338975
706,0.02075984646876653,0.9210526315789473,0.9200811709338975
707,0.018267901837825774,0.9210526315789473,0.9200811709338975
708,0.021425282607475917,0.9210526315789473,0.9200811709338975
709,0.02241982678572337,0.8947368421052632,0.8919014708488392
710,0.025390819211800895,0.8947368421052632,0.8919014708488392
711,0.010324878444274266,0.9210526315789473,0.9200811709338975
712,0.030325506031513214,0.9210526315789473,0.9218575851393189
713,0.021891625002026557,0.9210526315789473,0.9218575851393189
714,0.050628080628812314,0.9473684210526315,0.9473684210526315
715,0.013028202261775732,0.9473684210526315,0.9473684210526315
716,0.05186162574216723,0.8947368421052632,0.8919014708488392
717,0.010405879228686294,0.9210526315789473,0.9200811709338975
718,0.011102581511562069,0.9210526315789473,0.9200811709338975
719,0.02107707401116689,0.8947368421052632,0.8919014708488392
720,0.009106620947519939,0.9473684210526315,0.9473684210526315
721,0.009374280522267023,0.9473684210526315,0.9473684210526315
722,0.01147065927584966,0.9473684210526315,0.9473684210526315
723,0.009201532304286957,0.9473684210526315,0.9473684210526315
724,0.010848086296270291,0.9210526315789473,0.9200811709338975
725,0.007734678698082765,0.9210526315789473,0.9200811709338975
726,0.008331824553509554,0.9210526315789473,0.9200811709338975
727,0.00731290690600872,0.9210526315789473,0.9200811709338975
728,0.006595895613233248,0.9210526315789473,0.9200811709338975
729,0.005213035295406977,0.9473684210526315,0.9473684210526315
730,0.004590502468248208,0.9473684210526315,0.9473684210526315
731,0.00946273277203242,0.9473684210526315,0.9473684210526315
732,0.006523661675552527,0.9473684210526315,0.9473684210526315
733,0.005137542113661766,0.9473684210526315,0.9473684210526315
734,0.004617145496110121,0.9473684210526315,0.9473684210526315
735,0.004762064230938752,0.9473684210526315,0.9473684210526315
736,0.006604543309658766,0.9473684210526315,0.9473684210526315
737,0.00680585669974486,0.9210526315789473,0.9200811709338975
738,0.0054967818595469,0.9210526315789473,0.9200811709338975
739,0.0063511967410643895,0.9210526315789473,0.9200811709338975
740,0.004759537999828657,0.9210526315789473,0.9218575851393189
741,0.011095035274823507,0.9210526315789473,0.9218575851393189
742,0.006477152295410633,0.9210526315789473,0.9218575851393189
743,0.014619071483612061,0.9210526315789473,0.9218575851393189
744,0.010318426502247652,0.868421052631579,0.8668019515564959
745,0.009260657032330831,0.8947368421052632,0.8919014708488392
746,0.01198962576687336,0.8947368421052632,0.8919014708488392
747,0.011777391657233238,0.9210526315789473,0.9200811709338975
748,0.007821091252068679,0.8947368421052632,0.8947368421052632
749,0.006321616470813751,0.9210526315789473,0.9218575851393189
750,0.007544064419344068,0.9210526315789473,0.9218575851393189
751,0.005785257232685884,0.9210526315789473,0.9218575851393189
752,0.004142030443375309,0.9210526315789473,0.9218575851393189
753,0.00572377865202725,0.9210526315789473,0.9218575851393189
754,0.004379825390254458,0.9210526315789473,0.9218575851393189
755,0.0034641416293258467,0.9210526315789473,0.9218575851393189
756,0.003336540013551712,0.8947368421052632,0.8947368421052632
757,0.0029389283278336126,0.8947368421052632,0.8947368421052632
758,0.003015139748652776,0.8947368421052632,0.8947368421052632
759,0.005663129091262817,0.8947368421052632,0.8947368421052632
760,0.0038187851818899314,0.8947368421052632,0.8947368421052632
761,0.003669488653540611,0.8947368421052632,0.8947368421052632
762,0.004291969854384661,0.8947368421052632,0.8947368421052632
763,0.0035571677796542643,0.8947368421052632,0.8947368421052632
764,0.0028950403289248546,0.8947368421052632,0.8947368421052632
765,0.003062926146667451,0.8947368421052632,0.8947368421052632
766,0.005181690876682599,0.9210526315789473,0.9200811709338975
767,0.003210654399978618,0.9210526315789473,0.9200811709338975
768,0.002582240290939808,0.9210526315789473,0.9200811709338975
769,0.004537732973694801,0.9210526315789473,0.9200811709338975
770,0.003405080682132393,0.9210526315789473,0.9200811709338975
771,0.003411465201061219,0.9210526315789473,0.9200811709338975
772,0.002794117648154497,0.9210526315789473,0.9200811709338975
773,0.0023217690580834946,0.9210526315789473,0.9200811709338975
774,0.002410152895996968,0.9210526315789473,0.9200811709338975
775,0.008397710621356963,0.9210526315789473,0.9200811709338975
776,0.007322564671436945,0.9210526315789473,0.9218575851393189
777,0.013424402493983507,0.9210526315789473,0.9218575851393189
778,0.016099196821451188,0.9210526315789473,0.9218575851393189
779,0.005372721782575051,0.9210526315789473,0.9218575851393189
780,0.008443464363614718,0.9473684210526315,0.9473684210526315
781,0.009268552941891054,0.9210526315789473,0.9200811709338975
782,0.004308367722357312,0.8947368421052632,0.8919014708488392
783,0.003944346612940232,0.8947368421052632,0.8919014708488392
784,0.005076647236322363,0.8947368421052632,0.8919014708488392
785,0.02913973182439804,0.8947368421052632,0.8919014708488392
786,0.007727068066596985,0.9210526315789473,0.9218575851393189
787,0.038346358438332874,0.9210526315789473,0.9200811709338975
788,0.029286334551870824,0.8947368421052632,0.8919014708488392
789,0.04961797177791596,0.9210526315789473,0.9200811709338975
790,0.053064854542414344,0.8947368421052632,0.8947368421052632
791,0.03705944975217183,0.9210526315789473,0.9218575851393189
792,0.033381662437071406,0.868421052631579,0.8697626418988649
793,0.04815853555997213,0.8947368421052632,0.8947368421052632
794,0.02546249084174633,0.9210526315789473,0.9200811709338975
795,0.04279775721331437,0.9210526315789473,0.9200811709338975
796,0.026876584558437267,0.9210526315789473,0.9200811709338975
797,0.025075865586598713,0.9210526315789473,0.9218575851393189
798,0.023899645333488782,0.9473684210526315,0.9473684210526315
799,0.02561186261475086,0.9210526315789473,0.9200811709338975
800,0.023865020324786504,0.9210526315789473,0.9200811709338975
801,0.017256918475031854,0.9210526315789473,0.9200811709338975
802,0.01571947070459525,0.9210526315789473,0.9200811709338975
803,0.010937000960111617,0.9210526315789473,0.9200811709338975
804,0.010303915970337888,0.9210526315789473,0.9200811709338975
805,0.03553361455599467,0.9210526315789473,0.9200811709338975
806,0.013191228224895895,0.8947368421052632,0.8919014708488392
807,0.02252026757846276,0.8947368421052632,0.8919014708488392
808,0.02467267994924138,0.9210526315789473,0.9200811709338975
809,0.028697673082351684,0.8947368421052632,0.8947368421052632
810,0.015379411379496256,0.9210526315789473,0.9218575851393189
811,0.03180081244558096,0.9210526315789473,0.9218575851393189
812,0.014030973166227341,0.9473684210526315,0.9473684210526315
813,0.011821482920398314,0.9473684210526315,0.9473684210526315
814,0.020561654915412265,0.9210526315789473,0.9200811709338975
815,0.01459693193435669,0.9210526315789473,0.9200811709338975
816,0.010083868379394213,0.9210526315789473,0.9200811709338975
817,0.01695932344533503,0.9210526315789473,0.9200811709338975
818,0.017838617513577144,0.9210526315789473,0.9218575851393189
819,0.006936737634241581,0.9210526315789473,0.9218575851393189
820,0.007841854269305865,0.9210526315789473,0.9218575851393189
821,0.023453730891148248,0.9210526315789473,0.9218575851393189
822,0.009103313932816187,0.9210526315789473,0.9218575851393189
823,0.009097248638669649,0.8947368421052632,0.8947368421052632
824,0.010169983680049578,0.8947368421052632,0.8947368421052632
825,0.008730011284351349,0.9210526315789473,0.9200811709338975
826,0.00837853046754996,0.8947368421052632,0.8919014708488392
827,0.006449476691583792,0.8947368421052632,0.8919014708488392
828,0.006836691529800495,0.8947368421052632,0.8919014708488392
829,0.007440977121392886,0.8947368421052632,0.8919014708488392
830,0.006011036566148201,0.9210526315789473,0.9200811709338975
831,0.007528468457361062,0.9210526315789473,0.9200811709338975
832,0.005678819840153058,0.9210526315789473,0.9218575851393189
833,0.006258871133128802,0.9210526315789473,0.9218575851393189
834,0.00869174043337504,0.9210526315789473,0.9218575851393189
835,0.00532409089927872,0.9210526315789473,0.9218575851393189
836,0.006533964127302169,0.9210526315789473,0.9218575851393189
837,0.007308547211190065,0.9210526315789473,0.9200811709338975
838,0.004360724774499734,0.9210526315789473,0.9200811709338975
839,0.004519577237466971,0.9210526315789473,0.9200811709338975
840,0.004303739679356416,0.9210526315789473,0.9200811709338975
841,0.004559231316670775,0.9210526315789473,0.9200811709338975
842,0.00360283674672246,0.9210526315789473,0.9200811709338975
843,0.004033331790318092,0.9210526315789473,0.9200811709338975
844,0.003997568941364686,0.9210526315789473,0.9200811709338975
845,0.005463760929803054,0.9473684210526315,0.9473684210526315
846,0.0032061518666644893,0.9210526315789473,0.9200811709338975
847,0.00497212049861749,0.9210526315789473,0.9200811709338975
848,0.003037588932396223,0.9210526315789473,0.9200811709338975
849,0.0033788133300064753,0.9210526315789473,0.9200811709338975
850,0.0048150294087827205,0.9210526315789473,0.9200811709338975
851,0.00755951260526975,0.9473684210526315,0.9473684210526315
852,0.003652550585878392,0.9473684210526315,0.9473684210526315
853,0.010825442261993884,0.9210526315789473,0.9218575851393189
854,0.02240859478712082,0.9210526315789473,0.9200811709338975
855,0.0050615677113334335,0.9210526315789473,0.9200811709338975
856,0.01639255218207836,0.9210526315789473,0.9200811709338975
857,0.01718670775492986,0.9210526315789473,0.9200811709338975
858,0.006081286432842414,0.9210526315789473,0.9200811709338975
859,0.021429635465998822,0.9210526315789473,0.9200811709338975
860,0.020961130767439804,0.9210526315789473,0.9200811709338975
861,0.007785306597749392,0.9210526315789473,0.9200811709338975
862,0.004779147282242775,0.9210526315789473,0.9200811709338975
863,0.009183582812547685,0.9210526315789473,0.9200811709338975
864,0.007446834811319907,0.9210526315789473,0.9200811709338975
865,0.0077723000074426335,0.9473684210526315,0.9473684210526315
866,0.0038883487259348233,0.9473684210526315,0.9473684210526315
867,0.00441834819658349,0.9210526315789473,0.9200811709338975
868,0.004915020645906528,0.9210526315789473,0.9200811709338975
869,0.0041522953651535015,0.9210526315789473,0.9200811709338975
870,0.00323214234978271,0.9210526315789473,0.9200811709338975
871,0.006517020476361116,0.9210526315789473,0.9200811709338975
872,0.007312168404459953,0.9210526315789473,0.9200811709338975
873,0.0032823046979804835,0.9210526315789473,0.9200811709338975
874,0.004090133054802815,0.9210526315789473,0.9200811709338975
875,0.005960478335618973,0.9210526315789473,0.9200811709338975
876,0.008768805377185345,0.9210526315789473,0.9200811709338975
877,0.003465245406453808,0.9210526315789473,0.9200811709338975
878,0.003972274077435335,0.9210526315789473,0.9200811709338975
879,0.004028936984638373,0.9210526315789473,0.9200811709338975
880,0.003272312330858161,0.9210526315789473,0.9200811709338975
881,0.002917919550091028,0.9210526315789473,0.9200811709338975
882,0.005366080924868583,0.9210526315789473,0.9200811709338975
883,0.007902526979645092,0.9473684210526315,0.9473684210526315
884,0.004969068076461553,0.9473684210526315,0.9473684210526315
885,0.0034745624288916588,0.9473684210526315,0.9473684210526315
886,0.003844653233730545,0.9473684210526315,0.9473684210526315
887,0.006201093941926956,0.9473684210526315,0.9473684210526315
888,0.006653006114065647,0.9473684210526315,0.9473684210526315
889,0.0026888984069228174,0.9210526315789473,0.9200811709338975
890,0.010497652292251587,0.9210526315789473,0.9200811709338975
891,0.005959774414077401,0.9210526315789473,0.9200811709338975
892,0.01341242310901483,0.9210526315789473,0.9200811709338975
893,0.006981162807593743,0.9210526315789473,0.9200811709338975
894,0.010280889148513475,0.9210526315789473,0.9200811709338975
895,0.004714439486463865,0.9210526315789473,0.9200811709338975
896,0.0031869672673443955,0.9210526315789473,0.9200811709338975
897,0.0035002280647555986,0.9210526315789473,0.9200811709338975
898,0.013441859384377797,0.9210526315789473,0.9200811709338975
899,0.0036988074332475664,0.868421052631579,0.8626110731373889
900,0.020435873965422312,0.868421052631579,0.8626110731373889
901,0.01448060137530168,0.9210526315789473,0.9200811709338975
902,0.005967763210646808,0.9210526315789473,0.9200811709338975
903,0.009949427205137909,0.9210526315789473,0.9200811709338975
904,0.009243440177912513,0.9210526315789473,0.9218575851393189
905,0.009883271679282189,0.9210526315789473,0.9218575851393189
906,0.013018536865711212,0.9210526315789473,0.9218575851393189
907,0.006427374395231406,0.9210526315789473,0.9218575851393189
908,0.012969484527905781,0.9210526315789473,0.9218575851393189
909,0.006257537255684535,0.9210526315789473,0.9218575851393189
910,0.004556520092301071,0.9210526315789473,0.9218575851393189
911,0.0058710381885369615,0.9210526315789473,0.9200811709338975
912,0.006386921207110087,0.8947368421052632,0.8947368421052632
913,0.00644730381667614,0.8947368421052632,0.8947368421052632
914,0.004358192204187314,0.9210526315789473,0.9218575851393189
915,0.0033365704864263533,0.9210526315789473,0.9218575851393189
916,0.004826937002750734,0.9210526315789473,0.9218575851393189
917,0.013378694827357929,0.9210526315789473,0.9218575851393189
918,0.0030683350004255773,0.9210526315789473,0.9200811709338975
919,0.008155739977955817,0.9210526315789473,0.9200811709338975
920,0.002988915651415785,0.9210526315789473,0.9200811709338975
921,0.002364972906652838,0.9210526315789473,0.9200811709338975
922,0.0054959647667904695,0.9473684210526315,0.9473684210526315
923,0.031699543992678325,0.9473684210526315,0.9473684210526315
924,0.006526045110076666,0.9210526315789473,0.9200811709338975
925,0.09854029121498267,0.9473684210526315,0.9473684210526315
926,0.0112824013371331,0.9473684210526315,0.9473684210526315
927,0.0760286852096518,0.9473684210526315,0.9473684210526315
928,0.006761157562335332,0.9473684210526315,0.9473684210526315
929,0.01062550055483977,0.9473684210526315,0.9473684210526315
930,0.03302122821410497,0.9473684210526315,0.9473684210526315
931,0.008978410288691521,0.9473684210526315,0.9473684210526315
932,0.010235840703050296,0.9473684210526315,0.9473684210526315
933,0.013720783690611521,0.9210526315789473,0.9200811709338975
934,0.008045582895477613,0.9210526315789473,0.9200811709338975
935,0.004837824242810408,0.9210526315789473,0.9200811709338975
936,0.004478746056556702,0.9210526315789473,0.9200811709338975
937,0.01187679648399353,0.9210526315789473,0.9200811709338975
938,0.005774856805801392,0.9210526315789473,0.9200811709338975
939,0.005473653202255567,0.9210526315789473,0.9200811709338975
940,0.010479149967432022,0.9210526315789473,0.9200811709338975
941,0.005725996880792081,0.9210526315789473,0.9200811709338975
942,0.0038232981289426484,0.9210526315789473,0.9200811709338975
943,0.003291261315656205,0.9210526315789473,0.9200811709338975
944,0.00795363778869311,0.9210526315789473,0.9200811709338975
945,0.003146410627911488,0.9210526315789473,0.9218575851393189
946,0.0047739871839682264,0.9210526315789473,0.9218575851393189
947,0.02015404502550761,0.9210526315789473,0.9218575851393189
948,0.006447827058533828,0.9210526315789473,0.9218575851393189
949,0.013130443481107553,0.9473684210526315,0.9473684210526315
950,0.015386093333363533,0.9473684210526315,0.9473684210526315
951,0.009414325406153997,0.9473684210526315,0.9473684210526315
952,0.008389760876695315,0.9210526315789473,0.9200811709338975
953,0.010853973478078842,0.9473684210526315,0.9473684210526315
954,0.006776516114672025,0.9473684210526315,0.9473684210526315
955,0.004573476600150267,0.9473684210526315,0.9473684210526315
956,0.008557519589861234,0.9473684210526315,0.9473684210526315
957,0.00477039312167714,0.9210526315789473,0.9200811709338975
958,0.003580608805641532,0.9210526315789473,0.9200811709338975
959,0.009982748664915561,0.9210526315789473,0.9200811709338975
960,0.0038837110934158165,0.9210526315789473,0.9200811709338975
961,0.0040544090854624905,0.9210526315789473,0.9200811709338975
962,0.0030297079831749824,0.9210526315789473,0.9200811709338975
963,0.003036202322691679,0.9210526315789473,0.9200811709338975
964,0.0023959918227046727,0.9210526315789473,0.9200811709338975
965,0.003773686457425356,0.9210526315789473,0.9200811709338975
966,0.002159864514445265,0.9210526315789473,0.9200811709338975
967,0.0028918150005241236,0.9210526315789473,0.9200811709338975
968,0.0026336487103253603,0.9210526315789473,0.9200811709338975
969,0.0023305028676986693,0.9210526315789473,0.9200811709338975
970,0.004068713324765365,0.9210526315789473,0.9200811709338975
971,0.002582596018910408,0.9210526315789473,0.9200811709338975
972,0.00439360453436772,0.9210526315789473,0.9200811709338975
973,0.009082652280728023,0.9210526315789473,0.9200811709338975
974,0.004178268828739722,0.9473684210526315,0.9473684210526315
975,0.006457822751253843,0.9210526315789473,0.9218575851393189
976,0.016821697652339936,0.9473684210526315,0.9473684210526315
977,0.007284558899700641,0.9210526315789473,0.9200811709338975
978,0.010638278697927793,0.868421052631579,0.8626110731373889
979,0.007874871666232745,0.868421052631579,0.8626110731373889
980,0.006966448516274492,0.8947368421052632,0.8919014708488392
981,0.0057687426816361645,0.8947368421052632,0.8919014708488392
982,0.008820130464931328,0.9210526315789473,0.9200811709338975
983,0.00396639559417963,0.9473684210526315,0.9473684210526315
984,0.0036612006044015287,0.9473684210526315,0.9473684210526315
985,0.004156856114665667,0.9473684210526315,0.9473684210526315
986,0.0035984106020381054,0.9473684210526315,0.9473684210526315
987,0.002482825454014043,0.9473684210526315,0.9473684210526315
988,0.0026446489116642626,0.9210526315789473,0.9200811709338975
989,0.002646030813339166,0.9210526315789473,0.9200811709338975
990,0.0023813711603482566,0.9210526315789473,0.9200811709338975
991,0.011832021723190943,0.9210526315789473,0.9200811709338975
992,0.00874470802489668,0.9210526315789473,0.9200811709338975
993,0.041621456382175286,0.9210526315789473,0.9200811709338975
994,0.024248979687690735,0.9210526315789473,0.9200811709338975
995,0.01642110993464788,0.9210526315789473,0.9200811709338975
996,0.008323641521856188,0.9210526315789473,0.9218575851393189
997,0.01471233566602071,0.8947368421052632,0.8947368421052632
998,0.011377360112965107,0.868421052631579,0.8697626418988649
999,0.0324943848947684,0.8947368421052632,0.8947368421052632
1000,0.009672941168149313,0.9210526315789473,0.9218575851393189
